{
  "accuracy": [
    0.11755724996328354,
    0.2822246551513672,
    0.3805888891220093,
    0.4634678363800049,
    0.5003271698951721,
    0.5264994502067566,
    0.5677208304405212,
    0.5845147371292114,
    0.6115594506263733,
    0.6270447373390198,
    0.6340239644050598,
    0.6527808308601379,
    0.6610686779022217,
    0.6684842109680176,
    0.6822246313095093,
    0.6892039179801941,
    0.6898582577705383,
    0.7070883512496948,
    0.7131952047348022,
    0.7197383046150208,
    0.7312977313995361,
    0.7310795783996582,
    0.738058865070343,
    0.7360959649085999,
    0.7461286783218384,
    0.7517993450164795,
    0.7605234384536743,
    0.7675027251243591,
    0.7705561518669128,
    0.7733914852142334,
    0.7805888652801514,
    0.7814612984657288,
    0.7827699184417725,
    0.7860414385795593,
    0.7893129587173462,
    0.7930207252502441,
    0.7976008653640747,
    0.7965103387832642,
    0.8061068654060364,
    0.798255205154419,
    0.8089421987533569,
    0.803489625453949,
    0.7976008653640747,
    0.8163576722145081,
    0.8091602921485901,
    0.8172301054000854,
    0.8226826786994934,
    0.8133042454719543,
    0.8137404322624207,
    0.8150490522384644
  ],
  "loss": [
    3.1295008659362793,
    2.5205047130584717,
    2.1329197883605957,
    1.8549624681472778,
    1.692975640296936,
    1.576634407043457,
    1.4647254943847656,
    1.3860363960266113,
    1.303802490234375,
    1.2423001527786255,
    1.222030520439148,
    1.1501351594924927,
    1.1121877431869507,
    1.0976330041885376,
    1.049277424812317,
    1.0135966539382935,
    1.000483512878418,
    0.9763851761817932,
    0.9579351544380188,
    0.9115827679634094,
    0.8823599219322205,
    0.885824978351593,
    0.8686879277229309,
    0.8520146012306213,
    0.8201941251754761,
    0.8322661519050598,
    0.7765369415283203,
    0.753275454044342,
    0.7599829435348511,
    0.7211014628410339,
    0.7132858037948608,
    0.6978227496147156,
    0.6905209422111511,
    0.6682789921760559,
    0.6602784991264343,
    0.6551842093467712,
    0.6393800973892212,
    0.6455678939819336,
    0.6268410682678223,
    0.6351760029792786,
    0.6355461478233337,
    0.6305919289588928,
    0.639049768447876,
    0.6027655601501465,
    0.5990375280380249,
    0.5956946015357971,
    0.5825520157814026,
    0.5981382727622986,
    0.6015723347663879,
    0.5904671549797058
  ],
  "top_k_categorical_accuracy": [
    0.2706651985645294,
    0.501853883266449,
    0.6292257308959961,
    0.707306444644928,
    0.7463467717170715,
    0.7742639183998108,
    0.8019629120826721,
    0.8163576722145081,
    0.8314067721366882,
    0.8388222455978394,
    0.8477644324302673,
    0.8577971458435059,
    0.8737186193466187,
    0.8780807256698608,
    0.8791711926460266,
    0.883751392364502,
    0.8809160590171814,
    0.8937841057777405,
    0.888985812664032,
    0.9068702459335327,
    0.9088331460952759,
    0.9068702459335327,
    0.9092693328857422,
    0.9136313796043396,
    0.9142857193946838,
    0.9164667129516602,
    0.9243184328079224,
    0.9254089593887329,
    0.9288985729217529,
    0.9341330528259277,
    0.934569239616394,
    0.9350054264068604,
    0.9378407597541809,
    0.9378407597541809,
    0.9415485262870789,
    0.9415485262870789,
    0.9452562928199768,
    0.9446019530296326,
    0.9470010995864868,
    0.9463467597961426,
    0.9432933330535889,
    0.9461286664009094,
    0.94547438621521,
    0.9496183395385742,
    0.9552890062332153,
    0.9533260464668274,
    0.94896399974823,
    0.9541984796524048,
    0.9520174264907837,
    0.9513631463050842
  ],
  "val_accuracy": [
    0.3442188799381256,
    0.5075021982192993,
    0.5842894911766052,
    0.6001765131950378,
    0.6169461607933044,
    0.6522506475448608,
    0.658428966999054,
    0.6637246012687683,
    0.6743159890174866,
    0.6769638061523438,
    0.6778464317321777,
    0.6910856366157532,
    0.7069726586341858,
    0.7069726586341858,
    0.6954987049102783,
    0.707855224609375,
    0.7193292379379272,
    0.7157987356185913,
    0.7184466123580933,
    0.7210944294929504,
    0.737864077091217,
    0.7316858172416687,
    0.7413945198059082,
    0.7316858172416687,
    0.7431597709655762,
    0.7440423369407654,
    0.737864077091217,
    0.7466902136802673,
    0.738746702671051,
    0.7555163502693176,
    0.7475728392601013,
    0.761694610118866,
    0.7581641674041748,
    0.7511032819747925,
    0.7519859075546265,
    0.7714033722877502,
    0.7537510991096497,
    0.7625772356987,
    0.7625772356987,
    0.761694610118866,
    0.7652250528335571,
    0.761694610118866,
    0.7652250528335571,
    0.7555163502693176,
    0.7581641674041748,
    0.7661076784133911,
    0.7643424272537231,
    0.7546337246894836,
    0.7661076784133911,
    0.7819947004318237
  ],
  "val_loss": [
    2.5879554748535156,
    1.986171007156372,
    1.630761742591858,
    1.446813702583313,
    1.352717399597168,
    1.2379133701324463,
    1.1823198795318604,
    1.1230597496032715,
    1.1029285192489624,
    1.0495803356170654,
    1.0455211400985718,
    0.9980427622795105,
    0.9933653473854065,
    0.993481457233429,
    0.9535205960273743,
    0.9466763734817505,
    0.9227387309074402,
    0.935226321220398,
    0.9287440180778503,
    0.9269339442253113,
    0.8580113053321838,
    0.8790681958198547,
    0.8735818862915039,
    0.865710437297821,
    0.8364764451980591,
    0.8631138801574707,
    0.8557408452033997,
    0.839062511920929,
    0.8453499674797058,
    0.8548001050949097,
    0.832722544670105,
    0.8033831119537354,
    0.798751711845398,
    0.8153090476989746,
    0.8054924607276917,
    0.8053422570228577,
    0.8190858364105225,
    0.816874623298645,
    0.7956455945968628,
    0.8088398575782776,
    0.7898569107055664,
    0.7950140237808228,
    0.7730455994606018,
    0.7886651754379272,
    0.7769205570220947,
    0.7938873767852783,
    0.781225860118866,
    0.8202553391456604,
    0.7800518274307251,
    0.7761465907096863
  ],
  "val_top_k_categorical_accuracy": [
    0.602824330329895,
    0.7484554052352905,
    0.7978817224502563,
    0.8181818127632141,
    0.8340688347816467,
    0.8587819933891296,
    0.8623124361038208,
    0.8684907555580139,
    0.8693733215332031,
    0.8755516409873962,
    0.8693733215332031,
    0.8843777775764465,
    0.8870255947113037,
    0.8843777775764465,
    0.8870255947113037,
    0.8879082202911377,
    0.8993821740150452,
    0.8993821740150452,
    0.8914386630058289,
    0.894086480140686,
    0.9082083106040955,
    0.8976169228553772,
    0.8993821740150452,
    0.9029126167297363,
    0.9064430594444275,
    0.9082083106040955,
    0.9055604338645935,
    0.9126213788986206,
    0.9082083106040955,
    0.9108561277389526,
    0.9108561277389526,
    0.9135039448738098,
    0.9205648899078369,
    0.9090909361839294,
    0.9099735021591187,
    0.9126213788986206,
    0.9046778678894043,
    0.9143865704536438,
    0.9135039448738098,
    0.9108561277389526,
    0.9135039448738098,
    0.9143865704536438,
    0.9161518216133118,
    0.918799638748169,
    0.917917013168335,
    0.9135039448738098,
    0.918799638748169,
    0.9046778678894043,
    0.9223300814628601,
    0.9161518216133118
  ],